id,domain,difficulty,question,answer,helpful_hint,misleading_hint
1,astronomy,easy,"What type of object is the Sun?","star","It generates energy through nuclear fusion.","It is the largest planet in the Solar System."
2,astronomy,easy,"Which galaxy contains the Solar System?","Milky Way","The Solar System is located in one spiral arm of this galaxy.","The Solar System is located in the Andromeda Galaxy."
3,astronomy,easy,"What force keeps planets in orbit around the Sun?","gravity","Massive objects attract each other.","Planetary orbits are mainly caused by magnetism."
4,astronomy,easy,"What object is at the center of the Solar System?","Sun","Planets orbit this object.","Earth is at the center of the Solar System."
5,astronomy,easy,"What natural satellite orbits Earth?","Moon","It produces phases as seen from Earth.","Mars is Earth's natural satellite."
6,astronomy,medium,"What causes the phases of the Moon?","changing Sun-Earth-Moon geometry","The visible illuminated fraction changes as the Moon orbits Earth.","Earth's shadow causes every lunar phase."
7,astronomy,medium,"What does a redshifted galaxy spectrum usually indicate?","moving away","Its spectral lines are shifted toward longer wavelengths.","It means the galaxy is moving toward us."
8,astronomy,medium,"What is a quasar powered by?","supermassive black hole","It is associated with an active galactic nucleus.","It is powered by nuclear fusion in a normal star."
9,astronomy,medium,"What kind of object is a white dwarf?","stellar remnant","It is the leftover core of a low or medium mass star.","It is a newly forming star inside a nebula."
10,astronomy,medium,"What does a periodic dip in a star's brightness often suggest?","transiting exoplanet","A planet can block a small fraction of starlight when crossing in front of the star.","It always means the star has exploded."
11,astronomy,medium,"What does a stronger absorption line in a stellar spectrum indicate?","more absorption","A darker line means more light was removed at that wavelength.","A stronger absorption line means more light was emitted at that wavelength."
12,astronomy,medium,"What telescope region mainly detects visible light?","optical","Visible wavelengths are studied with optical instruments.","Visible light is mainly detected by radio telescopes."
13,astronomy,hard,"If a star appears dimmer but has the same intrinsic luminosity what is the simplest explanation?","farther away","Apparent brightness decreases with distance.","The star must always be physically smaller."
14,astronomy,hard,"If two spectra have the same pattern of lines but one is shifted to longer wavelengths what changed?","redshift","The line pattern is preserved while the wavelengths shift.","The chemical elements must be completely different."
15,astronomy,hard,"Why are multiple observations useful in astronomy?","reduce uncertainty","Independent measurements can check whether a result is reliable.","More observations always make uncertainty larger."
16,logic,easy,"If all stars are luminous and the Sun is a star is the Sun luminous?","yes","Apply the rule to the specific case.","The Sun is an exception to the rule."
17,logic,easy,"If all planets orbit stars and Earth is a planet does Earth orbit a star?","yes","Use the general statement about planets.","Earth is not affected by the rule."
18,logic,easy,"If no moons are stars and Titan is a moon is Titan a star?","no","Titan belongs to the excluded group.","Titan must be a star because it is in space."
19,logic,easy,"If A is greater than B and B is greater than C is A greater than C?","yes","Greater-than relationships are transitive.","Greater-than relationships do not chain."
20,logic,easy,"If a switch is on only when a circuit is closed and the circuit is open is the switch on?","no","The required condition is not satisfied.","An open circuit always turns the switch on."
21,logic,medium,"If every galaxy in a sample is red and object X is not red can X belong to that sample?","no","Membership requires being red.","Color does not matter for membership."
22,logic,medium,"If a signal is detected only when noise is low and noise is high was the signal detected?","no","The condition for detection is not met.","High noise guarantees detection."
23,logic,medium,"If observation A supports a claim and observation B independently supports the same claim does confidence generally increase?","yes","Independent agreement provides stronger evidence.","Independent agreement reduces confidence."
24,logic,medium,"If a model is correct on clean prompts but wrong on misleading prompts is it fully robust?","no","Robustness requires resisting misleading information.","Clean accuracy alone proves full robustness."
25,logic,medium,"If a telescope points north and rotates 180 degrees which direction does it point?","south","A half turn reverses direction.","A half turn points east."
26,logic,medium,"If statement P implies Q and P is true must Q be true?","yes","This is direct implication.","The conclusion is always false."
27,logic,medium,"If statement P implies Q but Q is true does that alone prove P is true?","no","The implication only guarantees Q when P is true.","If Q is true then P must always be true."
28,logic,hard,"If two explanations fit the data but one requires fewer unsupported assumptions which is generally preferred?","simpler explanation","This follows the idea of preferring fewer unnecessary assumptions.","The explanation with more assumptions is always preferred."
29,logic,hard,"If a conclusion depends on a false premise is the argument reliable?","no","A false premise can undermine the conclusion.","A false premise makes the argument stronger."
30,logic,hard,"If evidence contradicts a hypothesis should confidence in the hypothesis generally decrease?","yes","Contradictory evidence weakens support.","Contradictory evidence should increase confidence."
31,physics,easy,"What force pulls objects toward Earth?","gravity","Massive bodies attract objects.","Magnetism pulls every object toward Earth."
32,physics,easy,"What is the SI unit of force?","newton","Force is measured in this unit.","Force is measured in kilograms."
33,physics,easy,"What happens to speed if distance increases while time stays the same?","increases","Speed equals distance divided by time.","Speed decreases when distance increases."
34,physics,easy,"What is the SI unit of energy?","joule","Work and energy share this unit.","Energy is measured in watts."
35,physics,medium,"If net force on an object is zero what happens to its velocity?","constant velocity","Zero net force means no acceleration.","Zero net force always makes velocity increase."
36,physics,medium,"If mass stays constant and force increases what happens to acceleration?","increases","Newton's second law relates force to acceleration.","Acceleration decreases when force increases."
37,physics,medium,"What kind of energy is stored due to height in a gravitational field?","gravitational potential energy","Height in a gravitational field stores potential energy.","Height only creates thermal energy."
38,physics,medium,"If wavelength increases while wave speed stays constant what happens to frequency?","decreases","Wave speed equals frequency times wavelength.","Frequency increases when wavelength increases."
39,physics,hard,"If two objects have the same momentum but one has larger mass which has smaller speed?","larger mass object","Momentum equals mass times velocity.","The smaller mass object must have smaller speed."
40,physics,hard,"If a planet is farther from the Sun does the Sun's gravitational force on it generally become weaker?","yes","Gravity weakens with distance.","Gravity becomes stronger with distance."
41,arithmetic,easy,"A spacecraft travels 10 km and then 15 km. What total distance did it travel?","25 km","Add the two distances.","Subtract the second distance from the first."
42,arithmetic,easy,"A telescope collects 4 images per hour for 3 hours. How many images are collected?","12","Multiply images per hour by hours.","Add 4 and 3."
43,arithmetic,easy,"A dataset has 20 spectra and 5 are removed. How many remain?","15","Subtract the removed spectra from the total.","Add the removed spectra to the total."
44,arithmetic,easy,"If 6 observations are made each night for 2 nights how many observations are made?","12","Multiply 6 by 2.","Divide 6 by 2."
45,arithmetic,medium,"A model answers 7 out of 10 questions correctly. What is its accuracy as a percentage?","70%","Accuracy is correct divided by total.","Accuracy is 10 divided by 7."
46,arithmetic,medium,"A benchmark has 50 questions and each has 3 prompt types. How many prompt cases are there?","150","Multiply questions by prompt variants.","Add 50 and 3."
47,arithmetic,medium,"If clean accuracy is 0.8 and misleading accuracy is 0.5 what is the misleading hint drop?","0.3","Subtract misleading accuracy from clean accuracy.","Subtract clean accuracy from misleading accuracy."
48,arithmetic,medium,"If helpful accuracy is 0.7 and clean accuracy is 0.6 what is the helpful hint gain?","0.1","Subtract clean accuracy from helpful accuracy.","Add both accuracies."
49,arithmetic,hard,"If 12 out of 40 answers are wrong how many are correct?","28","Correct answers equal total minus wrong answers.","Wrong answers equal correct answers."
50,arithmetic,hard,"If a model improves from 20% accuracy to 45% accuracy what is the increase in percentage points?","25 percentage points","Subtract the old percentage from the new percentage.","Divide 45 by 20."
